Workbook

Sheet Simulation
B2: Description | C2: Estimate
B3: General Conditions | C3: 18000
B4: Existing Conditions | C4: 25000
B5: Openings | C5: 37500
B6: Finishes | C6: 112500
B7: Specialties | C7: 7500
B9: Total | C9: =SUM(C3:C7) -> 200500
B11: Low | C11: -0.1
C12: =C9*(1+C11) -> 180450
B13: High | C13: 0.3
C14: =C9*(1+C13) -> 260650
F23: Percentile | G23: Output
F24: 0.25 | G24: =_xlfn.PERCENTILE.INC(sim[Output], F24) -> 189395.82
F25: 0.5 | G25: =_xlfn.PERCENTILE.INC(sim[Output], F25) -> 213328.31
F26: 0.75 | G26: =_xlfn.PERCENTILE.INC(sim[Output], F26) -> 236763.53
F27: 0.95 | G27: =_xlfn.PERCENTILE.INC(sim[Output], F27) -> 269890.67

Sheet Sim_Data
B2: Iteration | C2: Output
B3: 1 | C3: =_xlfn.NORM.INV(RAND(), AVERAGE(Simulation!$C$9,Simulation!$C$12,Simulation!$C$14), _xlfn.STDEV.P(Simulation!$C$9,Simulation!$C$12,Simulation!$C$14)) -> 257524.71
B4: 2 | C4: =_xlfn.NORM.INV(RAND(), AVERAGE(Simulation!$C$9,Simulation!$C$12,Simulation!$C$14), _xlfn.STDEV.P(Simulation!$C$9,Simulation!$C$12,Simulation!$C$14)) -> 210631.28
B5: 3 | C5: =_xlfn.NORM.INV(RAND(), AVERAGE(Simulation!$C$9,Simulation!$C$12,Simulation!$C$14), _xlfn.STDEV.P(Simulation!$C$9,Simulation!$C$12,Simulation!$C$14)) -> 207857.07
B6: 4 | C6: =_xlfn.NORM.INV(RAND(), AVERAGE(Simulation!$C$9,Simulation!$C$12,Simulation!$C$14), _xlfn.STDEV.P(Simulation!$C$9,Simulation!$C$12,Simulation!$C$14)) -> 144514.14
B7: 5 | C7: =_xlfn.NORM.INV(RAND(), AVERAGE(Simulation!$C$9,Simulation!$C$12,Simulation!$C$14), _xlfn.STDEV.P(Simulation!$C$9,Simulation!$C$12,Simulation!$C$14)) -> 221965.11
B8: 6 | C8: =_xlfn.NORM.INV(RAND(), AVERAGE(Simulation!$C$9,Simulation!$C$12,Simulation!$C$14), _xlfn.STDEV.P(Simulation!$C$9,Simulation!$C$12,Simulation!$C$14)) -> 226443.26
B9: 7 | C9: =_xlfn.NORM.INV(RAND(), AVERAGE(Simulation!$C$9,Simulation!$C$12,Simulation!$C$14), _xlfn.STDEV.P(Simulation!$C$9,Simulation!$C$12,Simulation!$C$14)) -> 239527.37
B10: 8 | C10: =_xlfn.NORM.INV(RAND(), AVERAGE(Simulation!$C$9,Simulation!$C$12,Simulation!$C$14), _xlfn.STDEV.P(Simulation!$C$9,Simulation!$C$12,Simulation!$C$14)) -> 194466.66
B11: 9 | C11: =_xlfn.NORM.INV(RAND(), AVERAGE(Simulation!$C$9,Simulation!$C$12,Simulation!$C$14), _xlfn.STDEV.P(Simulation!$C$9,Simulation!$C$12,Simulation!$C$14)) -> 176442.13
B12: 10 | C12: =_xlfn.NORM.INV(RAND(), AVERAGE(Simulation!$C$9,Simulation!$C$12,Simulation!$C$14), _xlfn.STDEV.P(Simulation!$C$9,Simulation!$C$12,Simulation!$C$14)) -> 191569.33
B13: 11 | C13: =_xlfn.NORM.INV(RAND(), AVERAGE(Simulation!$C$9,Simulation!$C$12,Simulation!$C$14), _xlfn.STDEV.P(Simulation!$C$9,Simulation!$C$12,Simulation!$C$14)) -> 187270.81
B14: 12 | C14: =_xlfn.NORM.INV(RAND(), AVERAGE(Simulation!$C$9,Simulation!$C$12,Simulation!$C$14), _xlfn.STDEV.P(Simulation!$C$9,Simulation!$C$12,Simulation!$C$14)) -> 239896.28
... B10002: 10000 | C10002: =_xlfn.NORM.INV(RAND(), AVERAGE(Simulation!$C$9,Simulation!$C$12,Simulation!$C$14), _xlfn.STDEV.P(Simulation!$C$9,Simulation!$C$12,Simulation!$C$14)) -> 270504.36
